Dataset,F1_measure,Accuracy
Proxifier,1.000000,1.000000
HDFS,0.999984,0.997500
Hadoop,0.998749,0.949000
Spark,0.999980,0.997500
Zookeeper,0.999800,0.987500
BGL,0.999932,0.986000
HPC,0.997707,0.945000
Thunderbird,0.999933,0.971000
Windows,0.999995,0.997000
Linux,0.999992,0.996000
Android,0.996837,0.960500
HealthApp,1.000000,1.000000
Apache,1.000000,1.000000
OpenSSH,1.000000,1.000000
OpenStack,1.000000,1.000000
Mac,0.995821,0.942000
Average,0.999296,0.983062
