Dataset,F1_measure,Accuracy
Proxifier,0.622629,0.000000
HDFS,0.255563,0.067500
Hadoop,0.873060,0.315500
Spark,0.837631,0.421000
Zookeeper,0.597773,0.151500
BGL,0.423940,0.149000
HPC,0.234078,0.006000
Thunderbird,0.969902,0.736500
Windows,0.930378,0.422000
Linux,0.885537,0.484000
Android,0.447517,0.316000
HealthApp,0.569887,0.019000
Apache,0.992414,0.576000
OpenSSH,0.394158,0.046000
OpenStack,0.662286,0.026000
Mac,0.546573,0.412000
Average,0.640208,0.259250
