Dataset,F1_measure,Accuracy
Proxifier,0.622629,0.000000
HDFS,0.226125,0.000000
Hadoop,0.220457,0.000000
Spark,0.225381,0.000000
Zookeeper,0.196145,0.000000
BGL,0.267052,0.000000
HPC,0.176637,0.000000
Thunderbird,0.402490,0.000000
Windows,0.353510,0.000000
Linux,0.402840,0.000000
Android,0.078637,0.000000
HealthApp,0.187708,0.000000
Apache,0.494301,0.000000
OpenSSH,0.240891,0.000000
OpenStack,0.369839,0.000000
Mac,0.028241,0.000000
Average,0.280805,0.000000
