Dataset,F1_measure,Accuracy
Proxifier,0.622401,0.000000
HDFS,0.225840,0.000000
Hadoop,0.222769,0.003000
Spark,0.227771,0.003000
Zookeeper,0.195846,0.000000
BGL,0.266072,0.000000
HPC,0.177683,0.000000
Thunderbird,0.407656,0.000000
Windows,0.355667,0.000000
Linux,0.404117,0.000500
Android,0.079649,0.000500
HealthApp,0.187721,0.000000
Apache,0.493439,0.000000
OpenSSH,0.241351,0.000000
OpenStack,0.366636,0.000000
Mac,0.027276,0.000500
Average,0.281368,0.000469
