Dataset,F1_measure,Accuracy
HDFS,0.999984,0.997500
Hadoop,0.996539,0.885000
Spark,0.989073,0.883500
Zookeeper,0.998418,0.840500
BGL,0.939369,0.689500
HPC,0.980824,0.829500
Thunderbird,0.999708,0.943000
Windows,0.994594,0.565500
Linux,0.995105,0.701000
Android,0.992152,0.879500
HealthApp,0.393984,0.174000
Apache,1.000000,1.000000
Proxifier,0.776219,0.508000
OpenSSH,0.998989,0.925000
OpenStack,0.994537,0.732000
Mac,0.958653,0.698000
