Dataset,F1_measure,Accuracy
HDFS,0.906517,0.481500
Hadoop,0.772956,0.433500
Spark,0.025255,0.043500
Zookeeper,0.991767,0.711500
BGL,0.974810,0.711500
HPC,0.995947,0.901000
Thunderbird,0.999308,0.953500
Windows,0.959581,0.709500
Linux,0.234753,0.172000
Android,0.988209,0.880500
HealthApp,0.804121,0.643500
Apache,0.637648,0.576000
Proxifier,0.688290,0.508000
OpenSSH,0.793235,0.428500
OpenStack,0.992678,0.721500
Mac,0.935446,0.562000
